Front,Back
serendipity,(**add your own definition/example for serendipity**)
effervescent,(**add your own definition/example for effervescent**)
incandescent,(**add your own definition/example for incandescent**)
peregrinate,(**add your own definition/example for peregrinate**)
magnanimous,(**add your own definition/example for magnanimous**)
luminescent,(**add your own definition/example for luminescent**)
benevolent,(**add your own definition/example for benevolent**)
melancholy,(**add your own definition/example for melancholy**)
ubiquitous,(**add your own definition/example for ubiquitous**)
soliloquy,(**add your own definition/example for soliloquy**)
ephemeral,(**add your own definition/example for ephemeral**)
quintessence,(**add your own definition/example for quintessence**)
transcendent,(**add your own definition/example for transcendent**)
enigmatic,(**add your own definition/example for enigmatic**)
resplendent,(**add your own definition/example for resplendent**)
esoteric,(**add your own definition/example for esoteric**)
epiphany,(**add your own definition/example for epiphany**)
fortuitous,(**add your own definition/example for fortuitous**)
harmonious,(**add your own definition/example for harmonious**)
wanderlust,(**add your own definition/example for wanderlust**)
